,params,cv_0_loss,cv_0_best_epoch,cv_0_run_name,cv_0_r^2,cv_0_mse,cv_0_mae,cv_train_0_r^2,cv_train_0_mse,cv_train_0_mae,model_name,cv_1_loss,cv_1_best_epoch,cv_1_run_name,cv_1_r^2,cv_1_mse,cv_1_mae,cv_train_1_r^2,cv_train_1_mse,cv_train_1_mae
0,"{'lr': 0.0029101672237425774, 'train_type': 'predictor_and_readout', 'weight_decay': 0.00018636023749210836}",0.06934397667646408,66,abc,0.759,0.072,0.207,0.897,0.035,0.138,AttentiveFP_attentivefp_Lipophilicity,0.09539222220579784,8,abc,0.744,0.086,0.224,0.741,0.077,0.23
1,"{'lr': 0.002832830401590982, 'train_type': 'predictor_and_readout', 'weight_decay': 0.001210196427880566}",0.04723657667636871,68,abc,0.838,0.049,0.174,0.901,0.033,0.133,AttentiveFP_canonical_Lipophilicity,0.10302637765804927,17,abc,0.703,0.1,0.24,0.858,0.042,0.157
2,"{'lr': 0.0029101672237425774, 'train_type': 'predictor_and_readout', 'weight_decay': 0.00018636023749210836}",0.05922494704524676,93,abc,0.818,0.055,0.18,0.932,0.023,0.109,GAT_attentivefp_Lipophilicity,0.09851979215939839,22,abc,0.726,0.092,0.222,0.652,0.104,0.272
3,"{'lr': 0.00023860871587956466, 'train_type': 'predictor_and_readout', 'weight_decay': 9.193595481915895e-05}",0.06362677365541458,66,abc,0.808,0.058,0.195,0.844,0.052,0.166,GAT_canonical_Lipophilicity,0.0737580880522728,76,abc,0.792,0.07,0.202,0.864,0.041,0.163
4,"{'lr': 0.0029101672237425774, 'train_type': 'predictor_and_readout', 'weight_decay': 0.00018636023749210836}",0.054971467703580856,18,abc,0.805,0.058,0.194,0.912,0.03,0.126,GCN_attentivefp_Lipophilicity,0.07444073508183162,31,abc,0.777,0.075,0.203,0.971,0.009,0.07
5,"{'lr': 0.003555341652761401, 'train_type': 'only_predictor', 'weight_decay': 0.0003841453864617634}",0.04742881655693054,132,abc,0.839,0.048,0.17,0.96,0.013,0.068,GCN_canonical_Lipophilicity,0.08556782454252243,17,abc,0.753,0.083,0.223,0.871,0.039,0.156
